[
    {
        "id": 251724,
        "nomeUser": "Chico bento",
        "emailUser": null,
        "idadeUser": "yuiyui@dfssd.sdsd",
        "nomeMae": "mae da monica",
        "nomePai": "Yasoop"
    },
    {
        "id": 517034,
        "nomeUser": "MONICA",
        "emailUser": null,
        "idadeUser": "yuiyui@dfssd.sdsd",
        "nomeMae": "sei la",
        "nomePai": "pai da monica"
    },
    {
        "id": 805839,
        "nomeUser": "Chico bento",
        "emailUser": "chico@bento.comj",
        "idadeUser": "45",
        "nomeMae": "mae da monica",
        "nomePai": "pai da monica"
    }
]